-- =====================================================================
-- Migration 002: Seed Centers, Batches, Subjects
-- =====================================================================

-- ── CENTERS ──────────────────────────────────────────────────────────
INSERT INTO centers (id, name, city, address) VALUES
  ('a1000000-0000-0000-0000-000000000001', 'College Road', 'Nashik', 'College Road, Nashik, Maharashtra'),
  ('a1000000-0000-0000-0000-000000000002', 'Nashik Road', 'Nashik', 'Nashik Road, Nashik, Maharashtra');

-- ── SUBJECTS ─────────────────────────────────────────────────────────
INSERT INTO subjects (id, name, batch_types_applicable) VALUES
  ('b1000000-0000-0000-0000-000000000001', 'Physics',     ARRAY['NEET_EXCEL','NEET_GROWTH','JEE_EXCEL','JEE_GROWTH','MHT_CET']),
  ('b1000000-0000-0000-0000-000000000002', 'Chemistry',   ARRAY['NEET_EXCEL','NEET_GROWTH','JEE_EXCEL','JEE_GROWTH','MHT_CET']),
  ('b1000000-0000-0000-0000-000000000003', 'Botany',      ARRAY['NEET_EXCEL','NEET_GROWTH']),
  ('b1000000-0000-0000-0000-000000000004', 'Zoology',     ARRAY['NEET_EXCEL','NEET_GROWTH']),
  ('b1000000-0000-0000-0000-000000000005', 'Mathematics', ARRAY['JEE_EXCEL','JEE_GROWTH','MHT_CET']);

-- ── BATCHES — COLLEGE ROAD ────────────────────────────────────────
INSERT INTO batches (id, name, center_id, class_level, batch_type, academic_year) VALUES
  ('c1000000-0000-0000-0000-000000000001', 'NEET Excel – 1',  'a1000000-0000-0000-0000-000000000001', '12', 'NEET_EXCEL',  '2026-27'),
  ('c1000000-0000-0000-0000-000000000002', 'NEET Excel – 2',  'a1000000-0000-0000-0000-000000000001', '12', 'NEET_EXCEL',  '2026-27'),
  ('c1000000-0000-0000-0000-000000000003', 'JEE Excel – 1',   'a1000000-0000-0000-0000-000000000001', '12', 'JEE_EXCEL',   '2026-27'),
  ('c1000000-0000-0000-0000-000000000004', 'JEE Excel – 2/3', 'a1000000-0000-0000-0000-000000000001', '12', 'JEE_EXCEL',   '2026-27'),
  ('c1000000-0000-0000-0000-000000000005', 'NEET Growth – 1', 'a1000000-0000-0000-0000-000000000001', '11', 'NEET_GROWTH', '2026-27'),
  ('c1000000-0000-0000-0000-000000000006', 'JEE Growth – 1',  'a1000000-0000-0000-0000-000000000001', '11', 'JEE_GROWTH',  '2026-27');

-- ── BATCHES — NASHIK ROAD ─────────────────────────────────────────
INSERT INTO batches (id, name, center_id, class_level, batch_type, academic_year) VALUES
  ('c2000000-0000-0000-0000-000000000001', 'JEE Excel – 1',      'a1000000-0000-0000-0000-000000000002', '12', 'JEE_EXCEL',   '2026-27'),
  ('c2000000-0000-0000-0000-000000000002', 'JEE Excel – 2',      'a1000000-0000-0000-0000-000000000002', '12', 'JEE_EXCEL',   '2026-27'),
  ('c2000000-0000-0000-0000-000000000003', 'JEE Excel – 3',      'a1000000-0000-0000-0000-000000000002', '12', 'JEE_EXCEL',   '2026-27'),
  ('c2000000-0000-0000-0000-000000000004', 'NEET Excel – 1',     'a1000000-0000-0000-0000-000000000002', '12', 'NEET_EXCEL',  '2026-27'),
  ('c2000000-0000-0000-0000-000000000005', 'MHT-CET Excel – 1',  'a1000000-0000-0000-0000-000000000002', '12', 'MHT_CET',     '2026-27'),
  ('c2000000-0000-0000-0000-000000000006', 'NEET Growth – 1',    'a1000000-0000-0000-0000-000000000002', '11', 'NEET_GROWTH', '2026-27');
